-- phpMyAdmin SQL Dump
-- version 4.5.4.1deb2ubuntu2
-- http://www.phpmyadmin.net
--
-- Client :  localhost
-- Généré le :  Ven 25 Novembre 2016 à 11:24
-- Version du serveur :  5.7.16-0ubuntu0.16.04.1
-- Version de PHP :  7.0.8-0ubuntu0.16.04.3

SET SQL_MODE = "NO_AUTO_VALUE_ON_ZERO";
SET time_zone = "+00:00";


/*!40101 SET @OLD_CHARACTER_SET_CLIENT=@@CHARACTER_SET_CLIENT */;
/*!40101 SET @OLD_CHARACTER_SET_RESULTS=@@CHARACTER_SET_RESULTS */;
/*!40101 SET @OLD_COLLATION_CONNECTION=@@COLLATION_CONNECTION */;
/*!40101 SET NAMES utf8mb4 */;

--
-- Base de données :  `tautofDOTfr`
--

-- --------------------------------------------------------

--
-- Structure de la table `advert`
--

CREATE TABLE `advert` (
  `id` int(11) NOT NULL,
  `title` varchar(255) NOT NULL,
  `description` text,
  `price` int(11) NOT NULL,
  `km` int(11) NOT NULL,
  `photo1` varchar(255) DEFAULT NULL,
  `photo2` varchar(255) DEFAULT NULL,
  `photo3` varchar(255) DEFAULT NULL,
  `user_id` int(11) DEFAULT NULL,
  `color_id` int(11) DEFAULT NULL,
  `model_id` int(11) DEFAULT NULL
) ENGINE=InnoDB DEFAULT CHARSET=latin1;

--
-- Contenu de la table `advert`
--

INSERT INTO `advert` (`id`, `title`, `description`, `price`, `km`, `photo1`, `photo2`, `photo3`, `user_id`, `color_id`, `model_id`) VALUES
(4, 'Audi A3 - bon état', 'Audi A3 - bon état', 35000, 25000, NULL, NULL, NULL, NULL, 2, 8);

-- --------------------------------------------------------

--
-- Structure de la table `color`
--

CREATE TABLE `color` (
  `id` int(11) NOT NULL,
  `name` varchar(255) NOT NULL
) ENGINE=InnoDB DEFAULT CHARSET=latin1;

--
-- Contenu de la table `color`
--

INSERT INTO `color` (`id`, `name`) VALUES
(1, 'Blanc'),
(2, 'Noir'),
(3, 'Gris'),
(4, 'Vert'),
(5, 'Bleu'),
(6, 'Rouge'),
(7, 'Jaune'),
(8, 'Violet'),
(9, 'Orange'),
(10, 'Rose'),
(11, 'Mauve');

-- --------------------------------------------------------

--
-- Structure de la table `make`
--

CREATE TABLE `make` (
  `id` int(2) NOT NULL,
  `name` varchar(255) NOT NULL
) ENGINE=InnoDB DEFAULT CHARSET=utf8;

--
-- Contenu de la table `make`
--

INSERT INTO `make` (`id`, `name`) VALUES
(1, 'Acura'),
(2, 'Audi'),
(3, 'Alfa Romeo'),
(4, 'Aston Martin'),
(5, 'BMW'),
(6, 'Buick'),
(7, 'Cadillac'),
(8, 'Chevrolet'),
(9, 'Chrysler'),
(10, 'Datsun'),
(11, 'Dodge'),
(12, 'FAW'),
(14, 'Ferrari'),
(15, 'Fiat'),
(16, 'Ford'),
(17, 'GEO'),
(18, 'GMC'),
(19, 'Honda'),
(20, 'Hummer'),
(21, 'Hyundai'),
(22, 'Infiniti'),
(23, 'Izusu'),
(24, 'Jaguar'),
(25, 'Jeep'),
(26, 'Lamborghini'),
(27, 'Land Rover'),
(28, 'Lincoln'),
(29, 'Maserati'),
(30, 'Mazda'),
(31, 'Mercedes Benz'),
(32, 'Mercury'),
(33, 'Villager'),
(34, 'MG'),
(35, 'Mini'),
(36, 'Mitsubishi'),
(37, 'Nissan'),
(38, 'Oldsmobile'),
(39, 'Peugeot'),
(40, 'Plymouth'),
(41, 'Pontiac'),
(42, 'Porsche'),
(43, 'Rambler'),
(44, 'Renault'),
(47, 'Saab'),
(48, 'Seat'),
(49, 'Smart'),
(50, 'Suzuki'),
(51, 'Toyota'),
(52, 'Volkswagen'),
(53, 'Volvo'),
(54, 'Austin Morris'),
(55, 'Bentley'),
(56, 'Bugatti'),
(57, 'Caterham'),
(58, 'China Motors'),
(59, 'Citroen'),
(60, 'Corvette'),
(61, 'Dacia'),
(62, 'Daewoo'),
(63, 'Daihatsu'),
(64, 'Kia'),
(65, 'Lada'),
(66, 'Lancia'),
(67, 'Lexus'),
(68, 'Lotus'),
(69, 'Opel'),
(70, 'Panther'),
(71, 'Rolls Royce'),
(72, 'Rover'),
(73, 'Skoda'),
(74, 'SsangYong'),
(75, 'Subaru'),
(76, 'TVR'),
(77, 'Talbot'),
(78, 'Tata'),
(79, 'Tazzari'),
(80, 'Trabant'),
(81, 'Triumph'),
(82, 'Uaz'),
(83, 'Ueec'),
(84, 'Vauxhall'),
(85, 'Wartburg'),
(86, 'Wiesmann'),
(87, 'Zotye'),
(88, 'Aixam'),
(89, 'Alpina'),
(90, 'Ariel'),
(91, 'Austin Healey'),
(92, 'Autobianchi'),
(93, 'Cobra'),
(94, 'Landwind');

-- --------------------------------------------------------

--
-- Structure de la table `model`
--

CREATE TABLE `model` (
  `id` int(11) NOT NULL,
  `make_id` int(11) DEFAULT NULL,
  `name` varchar(255) NOT NULL,
  `year_id` int(11) DEFAULT NULL
) ENGINE=InnoDB DEFAULT CHARSET=utf8;

--
-- Contenu de la table `model`
--

INSERT INTO `model` (`id`, `make_id`, `name`, `year_id`) VALUES
(1, 1, 'TL', NULL),
(2, 1, 'MDX', NULL),
(3, 1, 'RDX', NULL),
(4, 1, 'RL', NULL),
(5, 1, 'Integra', NULL),
(6, 1, 'TSX', NULL),
(7, 2, 'A1', NULL),
(8, 2, 'A3', NULL),
(9, 2, 'A4', NULL),
(10, 2, 'A5', NULL),
(11, 2, 'A6', NULL),
(12, 2, 'A8', NULL),
(13, 2, 'S3', NULL),
(14, 2, 'S4', NULL),
(15, 2, 'S5', NULL),
(16, 2, 'S6', NULL),
(17, 2, 'S8', NULL),
(18, 2, 'RS4', NULL),
(19, 2, 'RS6', NULL),
(20, 2, 'R8', NULL),
(21, 2, 'Allroad', NULL),
(22, 2, 'Q5', NULL),
(23, 2, 'Q7', NULL),
(26, 4, 'DB9', NULL),
(27, 4, 'DBS', NULL),
(28, 4, 'Vantage', NULL),
(29, 5, '1600', NULL),
(30, 5, 'M Z4', NULL),
(31, 5, 'M1', NULL),
(32, 5, 'M3', NULL),
(33, 5, 'M5', NULL),
(34, 5, 'M6', NULL),
(35, 5, 'Serie 1', NULL),
(36, 5, 'Serie 3', NULL),
(37, 5, 'Serie 5', NULL),
(38, 5, 'Serie 6', NULL),
(39, 5, 'Serie 7', NULL),
(40, 5, 'Serie 8', NULL),
(41, 5, 'X1', NULL),
(42, 5, 'X3', NULL),
(43, 5, 'X5', NULL),
(44, 5, 'X6', NULL),
(45, 5, 'X6 M', NULL),
(46, 5, 'Z3', NULL),
(47, 5, 'Z4', NULL),
(48, 6, 'Enclave', NULL),
(49, 6, 'LaCrosse', NULL),
(50, 6, 'LeSabre', NULL),
(51, 6, 'Otro', NULL),
(52, 6, 'Regal', NULL),
(53, 6, 'Riviera', NULL),
(54, 7, 'BLS', NULL),
(55, 7, 'Catera', NULL),
(56, 7, 'Concours', NULL),
(57, 7, 'CTS', NULL),
(58, 7, 'Deville', NULL),
(59, 7, 'DHS', NULL),
(60, 7, 'Escalade', NULL),
(61, 7, 'Seville', NULL),
(62, 7, 'SRX', NULL),
(63, 7, 'STS', NULL),
(64, 8, '1500', NULL),
(65, 8, '210', NULL),
(66, 8, '400', NULL),
(67, 8, '454', NULL),
(68, 8, 'Apache', NULL),
(69, 8, 'Astra', NULL),
(70, 8, 'Astro', NULL),
(71, 8, 'Avalanche', NULL),
(72, 8, 'Aveo', NULL),
(73, 8, 'Bell Air', NULL),
(74, 8, 'Blazer', NULL),
(75, 8, 'Bravada', NULL),
(76, 8, 'C 350', NULL),
(77, 8, 'C 3500', NULL),
(78, 8, 'C-15', NULL),
(79, 8, 'C-20', NULL),
(80, 8, 'C36', NULL),
(81, 8, 'Camaro', NULL),
(82, 8, 'Captiva', NULL),
(83, 8, 'Cavalier', NULL),
(84, 8, 'Chevy', NULL),
(85, 8, 'Chevy Monza', NULL),
(86, 8, 'Cheyenne', NULL),
(87, 8, 'Citation-x11', NULL),
(88, 8, 'Colorado', NULL),
(89, 8, 'Corsa', NULL),
(90, 8, 'Corsica', NULL),
(91, 8, 'Corvette', NULL),
(92, 8, 'Cruze', NULL),
(93, 8, 'Custom', NULL),
(94, 8, 'Cutlass', NULL),
(95, 8, 'Deluxe', NULL),
(96, 8, 'El Camino', NULL),
(97, 8, 'Epica', NULL),
(98, 8, 'Equinox', NULL),
(99, 8, 'Eurocar', NULL),
(100, 8, 'G-30', NULL),
(101, 8, 'HHR', NULL),
(102, 8, 'Impala', NULL),
(103, 8, 'Kodiac', NULL),
(104, 8, 'LUV', NULL),
(105, 8, 'Malibu', NULL),
(106, 8, 'Matiz', NULL),
(107, 8, 'Meriva', NULL),
(108, 8, 'Montecarlo', NULL),
(109, 8, 'Monza', NULL),
(110, 8, 'Monza C2', NULL),
(111, 8, 'OldsMobile', NULL),
(112, 8, 'Optra', NULL),
(113, 8, 'Pop', NULL),
(114, 8, 'S 10', NULL),
(115, 8, 'Safari', NULL),
(116, 8, 'Sierra', NULL),
(117, 8, 'Silhouete', NULL),
(118, 8, 'Silverado', NULL),
(119, 8, 'Sonora', NULL),
(120, 8, 'Spark', NULL),
(121, 8, 'Suburban', NULL),
(122, 8, 'Tahoe', NULL),
(123, 8, 'Tornado', NULL),
(124, 8, 'Tracker', NULL),
(125, 8, 'Trailbalzer', NULL),
(126, 8, 'Transport', NULL),
(127, 8, 'Uplander', NULL),
(128, 8, 'Vanette', NULL),
(129, 8, 'Vectra', NULL),
(130, 8, 'Venture', NULL),
(131, 8, 'Yukon', NULL),
(132, 8, 'Zafira', NULL),
(133, 9, '300 C', NULL),
(134, 9, '300 M', NULL),
(135, 9, 'Aspen', NULL),
(136, 9, 'Atos', NULL),
(137, 9, 'Caravan', NULL),
(138, 9, 'Cirrus', NULL),
(139, 9, 'Concorde', NULL),
(140, 9, 'Crossfire', NULL),
(141, 9, 'D-350', NULL),
(142, 9, 'Grand Caravan', NULL),
(143, 9, 'Grand Voyager', NULL),
(144, 9, 'Intrepid', NULL),
(145, 9, 'Le Baron', NULL),
(146, 9, 'LHS', NULL),
(147, 9, 'Neon', NULL),
(148, 9, 'New Yorker', NULL),
(149, 9, 'Pacifica', NULL),
(150, 9, 'PT Cruiser', NULL),
(151, 9, 'RAM', NULL),
(152, 9, 'Sebring', NULL),
(153, 9, 'Shadow', NULL),
(154, 9, 'Stratus', NULL),
(155, 9, 'Town Country', NULL),
(156, 9, 'Valiant', NULL),
(157, 9, 'Voyager', NULL),
(158, 10, 'Sedan', NULL),
(159, 11, '1000', NULL),
(160, 11, 'Atos', NULL),
(161, 11, 'Attitude', NULL),
(162, 11, 'Avenger', NULL),
(163, 11, 'Caravan', NULL),
(164, 11, 'Challenger', NULL),
(165, 11, 'Charger', NULL),
(166, 11, 'Coronet', NULL),
(167, 11, 'D 600', NULL),
(168, 11, 'D-150', NULL),
(169, 11, 'D-250', NULL),
(170, 11, 'D-350', NULL),
(171, 11, 'Dakota', NULL),
(172, 11, 'Dart', NULL),
(173, 11, 'Durango', NULL),
(174, 11, 'Grand Caravan', NULL),
(175, 11, 'H-100', NULL),
(176, 11, 'Intrepid', NULL),
(177, 11, 'Journey', NULL),
(178, 11, 'Neon', NULL),
(179, 11, 'Nitro', NULL),
(180, 11, 'RAM', NULL),
(181, 11, 'Royal Mónaco', NULL),
(182, 11, 'Stealth', NULL),
(183, 11, 'Stratus', NULL),
(184, 11, 'Valiant', NULL),
(185, 11, 'Vanette', NULL),
(186, 11, 'Verna', NULL),
(187, 11, 'Viper', NULL),
(188, 12, 'F1', NULL),
(189, 12, 'F4', NULL),
(190, 12, 'F5', NULL),
(191, 14, '360', NULL),
(192, 14, '430', NULL),
(193, 14, '550', NULL),
(194, 14, '575', NULL),
(196, 14, '612', NULL),
(197, 15, '500', NULL),
(198, 15, 'Abarth', NULL),
(199, 15, 'Albea', NULL),
(200, 15, 'Bravo', NULL),
(201, 15, 'Ducato Cargo Van', NULL),
(202, 15, 'Grande Punto', NULL),
(204, 15, 'Palio', NULL),
(205, 15, 'Panda', NULL),
(206, 15, 'Stilo', NULL),
(208, 16, 'Aerostar', NULL),
(209, 16, 'Bronco', NULL),
(210, 16, 'Contour', NULL),
(211, 16, 'Cougar', NULL),
(212, 16, 'Courier', NULL),
(213, 16, 'Crown', NULL),
(214, 16, 'E-150', NULL),
(215, 16, 'Ecoline', NULL),
(216, 16, 'EcoSport', NULL),
(217, 16, 'Edge', NULL),
(218, 16, 'Escape', NULL),
(219, 16, 'Escort', NULL),
(220, 16, 'Excurcion', NULL),
(221, 16, 'Expedition', NULL),
(222, 16, 'Explorer', NULL),
(223, 16, 'F-100', NULL),
(224, 16, 'F-150', NULL),
(225, 16, 'F-200', NULL),
(226, 16, 'F-250', NULL),
(227, 16, 'F-350', NULL),
(228, 16, 'F-450', NULL),
(229, 16, 'F-550', NULL),
(230, 16, 'Fairlane', NULL),
(231, 16, 'Fairmont', NULL),
(232, 16, 'Falcon', NULL),
(233, 16, 'Fiesta', NULL),
(234, 16, 'FiveHundred', NULL),
(235, 16, 'Focus', NULL),
(236, 16, 'Freestar', NULL),
(237, 16, 'Fusion', NULL),
(239, 16, 'Ghia', NULL),
(240, 16, 'Grand Marquis', NULL),
(241, 16, 'Ikon', NULL),
(242, 16, 'Ka', NULL),
(243, 16, 'Lobo', NULL),
(244, 16, 'LTD', NULL),
(245, 16, 'Maverick', NULL),
(246, 16, 'Mercury', NULL),
(247, 16, 'Mondeo', NULL),
(248, 16, 'Mustang', NULL),
(249, 16, 'Mystique', NULL),
(250, 16, 'Ranger', NULL),
(251, 16, 'Sable', NULL),
(252, 16, 'Taurus', NULL),
(253, 16, 'ThunderBird', NULL),
(254, 16, 'Topaz', NULL),
(255, 16, 'Transit', NULL),
(256, 16, 'Vanette', NULL),
(257, 16, 'Windstar', NULL),
(258, 17, 'Metro', NULL),
(259, 18, 'Acadia', NULL),
(260, 18, 'Canyon', NULL),
(261, 18, 'Jimmy', NULL),
(262, 18, 'Safari', NULL),
(264, 18, 'Sierra', NULL),
(265, 18, 'Sonoma', NULL),
(266, 18, 'Yukon', NULL),
(267, 19, 'Accord', NULL),
(268, 19, 'City', NULL),
(269, 19, 'Civic', NULL),
(270, 19, 'Crosstour', NULL),
(271, 19, 'CR-V', NULL),
(272, 19, 'Fit', NULL),
(273, 19, 'Odissey', NULL),
(274, 19, 'Passaport', NULL),
(275, 19, 'Pilot', NULL),
(276, 19, 'Ridgeline', NULL),
(277, 20, 'H1', NULL),
(278, 20, 'H2', NULL),
(279, 20, 'H2 Alpha', NULL),
(280, 20, 'H3', NULL),
(281, 20, 'H3 Alpha', NULL),
(282, 22, 'Q-45', NULL),
(283, 22, 'I-35', NULL),
(284, 22, 'Q-30', NULL),
(285, 22, 'I-30', NULL),
(286, 23, 'Rodeo', NULL),
(287, 23, 'Amigo', NULL),
(288, 23, 'ELF', NULL),
(294, 25, 'Cherokee', NULL),
(295, 25, 'CJ7', NULL),
(296, 25, 'Commander', NULL),
(297, 25, 'Compass', NULL),
(298, 25, 'Grand Cherokee', NULL),
(299, 25, 'Grand Wagon', NULL),
(300, 25, 'Laredo', NULL),
(301, 25, 'Liberty', NULL),
(302, 25, 'Patriot', NULL),
(303, 25, 'Rubicon', NULL),
(304, 25, 'Sahara', NULL),
(305, 25, 'Wagoneer', NULL),
(306, 25, 'Wrangler', NULL),
(307, 26, 'Gallardo', NULL),
(308, 26, 'Murcielago', NULL),
(309, 27, 'Defender', NULL),
(310, 27, 'Discovery', NULL),
(311, 27, 'FreeLander', NULL),
(312, 27, 'LR2', NULL),
(313, 27, 'LR3', NULL),
(314, 27, 'RangeRover', NULL),
(315, 28, 'Aviator', NULL),
(316, 28, 'Continental', NULL),
(317, 28, 'LS', NULL),
(318, 28, 'Mark', NULL),
(319, 28, 'MKX', NULL),
(320, 28, 'Navigator', NULL),
(321, 28, 'Town Car', NULL),
(322, 28, 'Zephyr', NULL),
(323, 29, 'Quattroporte', NULL),
(324, 29, '3200 GT', NULL),
(325, 29, 'Gran Turismo', NULL),
(326, 30, '3', NULL),
(327, 30, '5', NULL),
(328, 30, '6', NULL),
(329, 30, 'CX7', NULL),
(330, 30, 'CX9', NULL),
(331, 30, 'LX', NULL),
(332, 30, 'MPV', NULL),
(333, 30, 'MX-5', NULL),
(334, 30, 'Pick Up', NULL),
(335, 31, '220', NULL),
(336, 31, '230', NULL),
(337, 31, '280 SE', NULL),
(338, 31, '450', NULL),
(339, 31, '450 SLC', NULL),
(340, 31, '500SEL', NULL),
(341, 31, 'B-Class', NULL),
(342, 31, 'C-Class', NULL),
(343, 31, 'CL-Class', NULL),
(344, 31, 'CLK-Class', NULL),
(345, 31, 'CLS-Class', NULL),
(346, 31, 'A-Class', NULL),
(347, 31, 'E-Class', NULL),
(348, 31, 'G-Class', NULL),
(349, 31, 'GL-Class', NULL),
(350, 31, 'GLK-Class', NULL),
(351, 31, 'ML-Class', NULL),
(352, 31, 'R-Class', NULL),
(353, 31, 'S-Class', NULL),
(354, 31, 'SL-Class', NULL),
(355, 31, 'SLK-Class', NULL),
(356, 31, 'Sprinter', NULL),
(357, 31, 'Unimog', NULL),
(358, 31, 'Vito', NULL),
(359, 32, 'Cougar', NULL),
(360, 32, 'Grand Marquis', NULL),
(361, 32, 'Mariner', NULL),
(362, 32, 'Milan', NULL),
(363, 32, 'Montego', NULL),
(364, 32, 'Mountaineer', NULL),
(365, 32, 'Sable', NULL),
(366, 34, 'Magnett', NULL),
(367, 34, 'MG', NULL),
(368, 34, 'MGA', NULL),
(369, 34, 'MGB', NULL),
(370, 34, 'TF', NULL),
(371, 34, 'ZR', NULL),
(372, 34, 'ZT', NULL),
(373, 35, 'Cooper', NULL),
(374, 35, 'Morris', NULL),
(375, 36, '3000 GT', NULL),
(376, 36, 'Eclipse', NULL),
(377, 36, 'Endeavor', NULL),
(378, 36, 'Galant', NULL),
(379, 36, 'L-200', NULL),
(380, 36, 'Lancer', NULL),
(381, 36, 'Montero', NULL),
(382, 36, 'Montero Sport', NULL),
(383, 36, 'Outlander', NULL),
(384, 37, '350Z', NULL),
(385, 37, 'Almera', NULL),
(386, 37, 'Altima', NULL),
(387, 37, 'Aprio', NULL),
(388, 37, 'Armada', NULL),
(389, 37, 'Cabstar', NULL),
(390, 37, 'Datsun', NULL),
(391, 37, 'Estacas', NULL),
(392, 37, 'Frontier', NULL),
(393, 37, 'Lucino', NULL),
(394, 37, 'Maxima', NULL),
(395, 37, 'Micra', NULL),
(396, 37, 'Murano', NULL),
(397, 37, 'Nx 2000', NULL),
(398, 37, 'Pathfinder', NULL),
(399, 37, 'Pick Up', NULL),
(400, 37, 'Platina', NULL),
(401, 37, 'Quest', NULL),
(402, 37, 'Rogue', NULL),
(403, 37, 'Sakura', NULL),
(404, 37, 'Samurai', NULL),
(405, 37, 'Sentra', NULL),
(406, 37, 'Serie 200', NULL),
(407, 37, 'Serie 240', NULL),
(408, 37, 'Serie 300', NULL),
(409, 37, 'TIIDA', NULL),
(410, 37, 'Titan', NULL),
(411, 37, 'Tsuru', NULL),
(412, 37, 'Urban', NULL),
(413, 37, 'X-Terra', NULL),
(414, 37, 'X-Trail', NULL),
(415, 38, 'Bravada', NULL),
(416, 38, 'Delta 88', NULL),
(417, 38, 'Eigthy', NULL),
(418, 39, '206', NULL),
(419, 39, '207', NULL),
(420, 39, '306', NULL),
(421, 39, '307', NULL),
(422, 39, '405', NULL),
(424, 39, '407', NULL),
(425, 39, '607', NULL),
(426, 39, 'Grand Raid', NULL),
(427, 39, 'Partner', NULL),
(428, 40, 'Grand Voyager', NULL),
(429, 41, 'Aztek', NULL),
(430, 41, 'Boneville', NULL),
(431, 41, 'Fiero', NULL),
(432, 41, 'Firebird', NULL),
(433, 41, 'G3', NULL),
(434, 41, 'G4', NULL),
(435, 41, 'G5', NULL),
(436, 41, 'G6', NULL),
(437, 41, 'Grand Am', NULL),
(438, 41, 'Grand Prix', NULL),
(439, 41, 'GTO', NULL),
(440, 41, 'Matiz', NULL),
(441, 41, 'Montana', NULL),
(442, 41, 'Solstice', NULL),
(443, 41, 'Sunfire', NULL),
(444, 41, 'Torrent', NULL),
(445, 41, 'Trans Am', NULL),
(446, 41, 'Transport', NULL),
(447, 42, '550', NULL),
(448, 42, '911', NULL),
(449, 42, '914', NULL),
(450, 42, '924', NULL),
(451, 42, 'Boxter', NULL),
(452, 42, 'Carrera GT', NULL),
(453, 42, 'Cayenne', NULL),
(454, 42, 'Cayman', NULL),
(455, 42, 'GT3 Cup', NULL),
(456, 42, 'Panamera', NULL),
(457, 44, '10', NULL),
(458, 44, '12', NULL),
(459, 44, 'Clio', NULL),
(460, 44, 'Kangoo', NULL),
(461, 44, 'Laguna', NULL),
(462, 44, 'Megane', NULL),
(463, 44, 'Scenic', NULL),
(464, 44, 'Scenic ll', NULL),
(465, 44, 'Trafic', NULL),
(468, 47, '9-3', NULL),
(469, 47, '9-5', NULL),
(470, 48, 'Alhambra', NULL),
(471, 48, 'Altea', NULL),
(472, 48, 'Cordoba', NULL),
(474, 48, 'Leon', NULL),
(475, 48, 'Toledo', NULL),
(481, 50, 'Aerio', NULL),
(482, 50, 'Grand Vitara', NULL),
(483, 50, 'Swift', NULL),
(484, 50, 'SX4', NULL),
(485, 50, 'Samurai', NULL),
(486, 50, 'Kazashi', NULL),
(487, 50, 'Xl7', NULL),
(488, 51, '4 Runner', NULL),
(489, 51, 'Avalon', NULL),
(490, 51, 'Avanza', NULL),
(491, 51, 'Camry', NULL),
(492, 51, 'Corolla', NULL),
(493, 51, 'Echo', NULL),
(494, 51, 'FJ Cruiser', NULL),
(495, 51, 'Hiace', NULL),
(496, 51, 'Highlander', NULL),
(497, 51, 'Hilux', NULL),
(498, 51, 'Matrix', NULL),
(499, 51, 'MR2', NULL),
(500, 51, 'Pick Up', NULL),
(501, 51, 'Previa', NULL),
(502, 51, 'RAV-4', NULL),
(503, 51, 'Sequoia', NULL),
(504, 51, 'Sienna', NULL),
(505, 51, 'Solara', NULL),
(506, 51, 'SR5', NULL),
(507, 51, 'Supra', NULL),
(508, 51, 'Tacoma', NULL),
(509, 51, 'Tercel', NULL),
(510, 51, 'Tundra', NULL),
(511, 51, 'Yaris', NULL),
(512, 52, 'Atlantic', NULL),
(513, 52, 'Beetle', NULL),
(514, 52, 'Bora', NULL),
(515, 52, 'Brasilia', NULL),
(516, 52, 'Buggy', NULL),
(517, 52, 'Cabrio', NULL),
(518, 52, 'Caribe', NULL),
(519, 52, 'Combi', NULL),
(520, 52, 'Crafter', NULL),
(521, 52, 'CrossFox', NULL),
(522, 52, 'Derby', NULL),
(523, 52, 'Eos', NULL),
(524, 52, 'Eurovan', NULL),
(525, 52, 'Golf', NULL),
(526, 52, 'GTI', NULL),
(527, 52, 'Jetta', NULL),
(528, 52, 'Lupo', NULL),
(529, 52, 'New Beetle', NULL),
(530, 52, 'Passat', NULL),
(531, 52, 'Pointer', NULL),
(532, 52, 'Polo', NULL),
(533, 52, 'Polo Classic', NULL),
(534, 52, 'Routan', NULL),
(535, 52, 'Safari', NULL),
(536, 52, 'Sedan', NULL),
(537, 52, 'Sharan', NULL),
(538, 52, 'SportVan', NULL),
(539, 52, 'Touareg', NULL),
(540, 52, 'Van', NULL),
(541, 53, 'C70', NULL),
(542, 53, 'S40', NULL),
(543, 53, 'S60', NULL),
(544, 53, 'S80', NULL),
(545, 53, 'V50', NULL),
(546, 53, 'V70', NULL),
(547, 53, 'XC', NULL),
(548, 53, 'XC 60', NULL),
(549, 53, 'XC 90', NULL),
(550, 3, '33', NULL),
(551, 3, '75', NULL),
(552, 3, '90', NULL),
(553, 3, '145', NULL),
(554, 3, '146', NULL),
(555, 3, '147', NULL),
(556, 3, '155', NULL),
(557, 3, '156', NULL),
(558, 3, '159', NULL),
(559, 3, '164', NULL),
(560, 3, '166', NULL),
(561, 3, 'Alfasud', NULL),
(562, 3, 'Alfetta', NULL),
(563, 3, 'Brera', NULL),
(564, 3, 'CrossVagon', NULL),
(565, 3, 'GTV', NULL),
(566, 3, 'GT', NULL),
(567, 3, 'Giulia', NULL),
(568, 3, 'Giulietta', NULL),
(569, 3, 'Mito', NULL),
(570, 3, 'RZ/SZ', NULL),
(571, 3, 'Spider', NULL),
(572, 3, 'SportWagon', NULL),
(573, 3, 'Sprint', NULL),
(574, 4, 'AR1', NULL),
(575, 4, 'DB7', NULL),
(576, 4, 'DB', NULL),
(577, 4, 'Lagonda', NULL),
(578, 4, 'V8 Vantage', NULL),
(579, 4, 'V8', NULL),
(580, 4, 'V12 Vanquish', NULL),
(581, 4, 'Vanquish', NULL),
(582, 4, 'Vantage', NULL),
(583, 4, 'Virage', NULL),
(584, 4, 'Volante', NULL),
(585, 2, '80', NULL),
(586, 2, '90', NULL),
(587, 2, '100', NULL),
(588, 2, '200', NULL),
(589, 2, 'A2', NULL),
(590, 2, 'A7', NULL),
(591, 2, 'Cabriolet', NULL),
(592, 2, 'Coupe', NULL),
(593, 2, 'Q3', NULL),
(594, 2, 'Quattro', NULL),
(595, 2, 'RS2', NULL),
(596, 2, 'S2', NULL),
(597, 2, 'TT', NULL),
(598, 2, 'V8', NULL),
(599, 5, 'Z1', NULL),
(600, 5, 'Z3', NULL),
(601, 5, 'Z4', NULL),
(602, 5, 'Z8', NULL),
(603, 6, 'Century', NULL),
(604, 6, 'Electra', NULL),
(605, 6, 'Skylark', NULL),
(606, 6, 'Roadmaster', NULL),
(607, 7, 'Allante', NULL),
(608, 7, 'Eldorado', NULL),
(609, 7, 'Fleetwood', NULL),
(610, 7, 'XLR', NULL),
(611, 8, '2500', NULL),
(612, 8, 'Alero', NULL),
(613, 8, 'Beretta', NULL),
(614, 8, 'C3 Picasso', NULL),
(615, 8, 'Caprice', NULL),
(616, 8, 'Chevelle', NULL),
(617, 8, 'Evanda', NULL),
(618, 8, 'K30', NULL),
(619, 8, 'K1500', NULL),
(620, 8, 'Kalos', NULL),
(621, 8, 'Lacetti', NULL),
(622, 8, 'Lumina', NULL),
(623, 8, 'Nubira', NULL),
(624, 8, 'Orlando', NULL),
(625, 8, 'Rezzo', NULL),
(626, 8, 'SSR', NULL),
(627, 8, 'Trax', NULL),
(628, 9, 'Airflite', NULL),
(629, 9, 'Airflow', NULL),
(630, 9, 'Avenger', NULL),
(631, 9, 'Cordoba', NULL),
(632, 9, 'ES', NULL),
(633, 9, 'Firepower', NULL),
(634, 9, 'GS', NULL),
(635, 9, 'GTS', NULL),
(636, 9, 'Imperial', NULL),
(637, 9, 'KEW', NULL),
(638, 9, 'Nassau', NULL),
(639, 9, 'NewPort', NULL),
(640, 9, 'Prowler', NULL),
(641, 9, 'Royal', NULL),
(642, 9, 'Saratoga', NULL),
(643, 9, 'Simca', NULL),
(644, 9, 'Six', NULL),
(645, 9, 'SunBeam', NULL),
(646, 9, 'TC', NULL),
(647, 9, 'VIP', NULL),
(648, 9, 'Viper', NULL),
(649, 9, 'Vision', NULL),
(651, 9, 'Wimbledon', NULL),
(652, 9, 'Windsor', NULL),
(653, 9, '160', NULL),
(654, 9, '180', NULL),
(655, 9, '2 Litre', NULL),
(656, 9, 'Other', NULL),
(657, 55, 'Arnage', NULL),
(658, 55, 'Azure', NULL),
(659, 55, 'Brooklands', NULL),
(660, 55, 'Continental', NULL),
(661, 55, 'Eight', NULL),
(662, 55, 'Mulsanne', NULL),
(663, 55, 'Turbo RT', NULL),
(664, 55, 'Turbo R', NULL),
(665, 55, 'Turbo S', NULL),
(666, 58, 'Ceo', NULL),
(667, 58, 'GoNow', NULL),
(668, 58, 'Noble', NULL),
(669, 58, 'Ufo', NULL),
(670, 59, '2 CV', NULL),
(671, 59, 'AMI 8', NULL),
(672, 59, 'AX', NULL),
(673, 59, 'BX', NULL),
(674, 59, 'Berlingo', NULL),
(675, 59, 'C1', NULL),
(676, 59, 'C2', NULL),
(677, 59, 'C3', NULL),
(678, 59, 'C4 Grand Picasso', NULL),
(679, 59, 'C4 Picasso', NULL),
(680, 59, 'C4', NULL),
(681, 59, 'C5', NULL),
(682, 59, 'C6', NULL),
(683, 59, 'C8', NULL),
(684, 59, 'C-Crossover', NULL),
(685, 59, 'CX', NULL),
(686, 59, 'DS4', NULL),
(687, 59, 'DS3', NULL),
(688, 59, 'DS', NULL),
(689, 59, 'Evasion', NULL),
(690, 59, 'GSA', NULL),
(691, 59, 'Jumpy', NULL),
(692, 59, 'LN', NULL),
(693, 59, 'Nemo Combi', NULL),
(694, 59, 'SM', NULL),
(695, 59, 'Saxo', NULL),
(696, 59, 'Visa', NULL),
(697, 59, 'XM', NULL),
(698, 59, 'Xantia', NULL),
(699, 59, 'Xsara Picasso', NULL),
(700, 59, 'Xsara', NULL),
(701, 59, 'ZX', NULL),
(702, 60, 'C3', NULL),
(703, 60, 'C4', NULL),
(704, 60, 'C5', NULL),
(705, 60, 'C6', NULL),
(706, 61, 'Duster', NULL),
(707, 61, 'Logan', NULL),
(708, 61, 'Pick Up', NULL),
(709, 61, 'Sandero', NULL),
(710, 62, 'Espero', NULL),
(711, 62, 'Evanda', NULL),
(712, 62, 'Kalos', NULL),
(713, 62, 'Korando', NULL),
(714, 62, 'Lacetti', NULL),
(716, 62, 'Lanos', NULL),
(718, 62, 'Leganza', NULL),
(719, 62, 'Matiz', NULL),
(720, 62, 'Musso', NULL),
(721, 62, 'Nexia', NULL),
(722, 62, 'Nubira', NULL),
(723, 62, 'Rezzo', NULL),
(724, 62, 'Tacuma', NULL),
(725, 63, 'Applause', NULL),
(726, 63, 'Charade', NULL),
(727, 63, 'Charmant', NULL),
(728, 63, 'Copen', NULL),
(729, 63, 'Cuore', NULL),
(730, 63, 'Feroza/Sportrak', NULL),
(731, 63, 'Freeclimper', NULL),
(732, 63, 'Gran Move', NULL),
(733, 63, 'Hijet', NULL),
(734, 63, 'Move', NULL),
(735, 63, 'Rocky/Fourtrak', NULL),
(736, 63, 'Sirion', NULL),
(737, 63, 'Terios', NULL),
(738, 63, 'URV', NULL),
(739, 11, 'Caliber', NULL),
(740, 11, 'Demon', NULL),
(741, 11, 'Hornet', NULL),
(743, 14, '246', NULL),
(744, 14, '250', NULL),
(745, 14, '275', NULL),
(746, 14, '278', NULL),
(747, 14, '288', NULL),
(748, 14, '308', NULL),
(749, 14, '328', NULL),
(750, 14, '330', NULL),
(751, 14, '348', NULL),
(752, 14, '365', NULL),
(753, 14, '400', NULL),
(754, 14, '412', NULL),
(755, 14, '456', NULL),
(756, 14, '512', NULL),
(757, 14, '599 GTB', NULL),
(758, 14, '750', NULL),
(759, 14, 'California', NULL),
(760, 14, 'Daytona', NULL),
(761, 14, 'Dino GT4', NULL),
(762, 14, 'Enzo Ferrari', NULL),
(763, 14, 'F40', NULL),
(764, 14, 'F50', NULL),
(765, 14, 'F365', NULL),
(766, 14, 'F360', NULL),
(767, 14, 'F430', NULL),
(768, 14, 'F550', NULL),
(769, 14, 'Mondial', NULL),
(770, 14, 'SuperAmerica', NULL),
(771, 14, 'Testarossa', NULL),
(772, 14, '125', NULL),
(773, 14, '159', NULL),
(774, 14, '166', NULL),
(775, 14, '195', NULL),
(776, 14, '196', NULL),
(777, 14, '208', NULL),
(778, 14, '212', NULL),
(779, 14, '225', NULL),
(780, 14, 'Scuderia Spider', NULL),
(781, 14, 'Pinin', NULL),
(782, 14, 'GTS', NULL),
(783, 14, 'GTO', NULL),
(784, 14, 'GTB', NULL),
(785, 14, 'GT', NULL),
(786, 14, 'GG50', NULL),
(787, 15, '124', NULL),
(788, 15, '126', NULL),
(789, 15, '127', NULL),
(790, 15, '130', NULL),
(791, 15, '131', NULL),
(792, 15, 'Barchetta', NULL),
(793, 15, 'Brava', NULL),
(794, 15, 'Cinquecento', NULL),
(795, 15, 'Coupe', NULL),
(796, 15, 'Croma', NULL),
(797, 15, 'Dino', NULL),
(798, 15, 'Doblo', NULL),
(799, 15, 'Fiorino', NULL),
(800, 15, 'Freemont', NULL),
(801, 15, 'Linea', NULL),
(802, 15, 'Idea', NULL),
(803, 15, 'Marea', NULL),
(804, 15, 'Marengo', NULL),
(805, 15, 'Mito', NULL),
(806, 15, 'Multipla', NULL),
(807, 15, 'Punto', NULL),
(808, 15, 'Qubo', NULL),
(809, 15, 'Regata', NULL),
(810, 15, 'Ritmo', NULL),
(811, 15, 'Scudo', NULL),
(812, 15, 'Sedici', NULL),
(814, 15, 'Seicento', NULL),
(815, 15, 'Spider Europa', NULL),
(816, 15, 'Strada', NULL),
(817, 15, 'Tempra', NULL),
(818, 15, 'Tipo', NULL),
(819, 15, 'Ulysse', NULL),
(820, 15, 'Uno', NULL),
(821, 15, 'X 1/9', NULL),
(822, 16, 'B-Max', NULL),
(823, 16, 'C-Max', NULL),
(825, 16, 'Capri', NULL),
(826, 16, 'Cortina', NULL),
(827, 16, 'Econoline', NULL),
(828, 16, 'Econovan', NULL),
(829, 16, 'Excursion', NULL),
(830, 16, 'Express', NULL),
(831, 16, 'GT', NULL),
(832, 16, 'Galaxy', NULL),
(833, 16, 'Granada', NULL),
(834, 16, 'Kuga', NULL),
(835, 16, 'Orion', NULL),
(836, 16, 'Probe', NULL),
(837, 16, 'Puma', NULL),
(838, 16, 'S-Max', NULL),
(839, 16, 'Scorpio', NULL),
(840, 16, 'Sierra', NULL),
(841, 16, 'Tourneo', NULL),
(842, 18, 'Savana', NULL),
(843, 18, 'Syclone', NULL),
(844, 18, 'Typhoon', NULL),
(845, 18, 'Vandura', NULL),
(846, 19, 'Aerodeck', NULL),
(847, 19, 'CRX', NULL),
(848, 19, 'Concerto', NULL),
(849, 19, 'Element', NULL),
(850, 19, 'FR-V', NULL),
(851, 19, 'HR-V', NULL),
(852, 19, 'Insight', NULL),
(853, 19, 'Integra', NULL),
(854, 19, 'Jazz', NULL),
(855, 19, 'Prelude', NULL),
(856, 19, 'S 2000', NULL),
(857, 19, 'Shuttle', NULL),
(858, 19, 'Stream', NULL),
(859, 21, 'Accent', NULL),
(860, 21, 'Atos', NULL),
(861, 21, 'Coupe', NULL),
(862, 21, 'Elantra', NULL),
(863, 21, 'Excel', NULL),
(864, 21, 'Galloper', NULL),
(865, 21, 'Getz', NULL),
(866, 21, 'Grandeur', NULL),
(867, 21, 'H 100', NULL),
(868, 21, 'H 200', NULL),
(869, 21, 'H-1 Starex', NULL),
(870, 21, 'H-1', NULL),
(871, 21, 'Lantra', NULL),
(872, 21, 'Matrix', NULL),
(873, 21, 'Pony', NULL),
(874, 21, 'S-Coupe', NULL),
(875, 21, 'Santa Fe', NULL),
(876, 21, 'Santamo', NULL),
(877, 21, 'Sonata', NULL),
(878, 21, 'Terracan', NULL),
(879, 21, 'Trajet', NULL),
(880, 21, 'Tucson', NULL),
(881, 21, 'XG 30', NULL),
(882, 21, 'XG 350', NULL),
(883, 21, 'i 10', NULL),
(884, 21, 'i 20', NULL),
(885, 21, 'i 30', NULL),
(886, 21, 'iX35', NULL),
(887, 22, 'FX', NULL),
(888, 22, 'G35', NULL),
(889, 22, 'G37', NULL),
(891, 22, 'QX-56', NULL),
(892, 23, 'Campo', NULL),
(893, 23, 'D-Max', NULL),
(894, 23, 'Gemini', NULL),
(895, 23, 'Midi', NULL),
(896, 23, 'Pick up', NULL),
(897, 23, 'Trooper', NULL),
(898, 24, 'Daimler', NULL),
(899, 24, 'E-Type', NULL),
(900, 24, 'MK II', NULL),
(901, 24, 'S-Type', NULL),
(902, 24, 'X-Type', NULL),
(903, 24, 'XF', NULL),
(904, 24, 'XJ6', NULL),
(905, 24, 'XJ8', NULL),
(906, 24, 'XJ12', NULL),
(907, 24, 'XJ40', NULL),
(908, 24, 'XJR', NULL),
(909, 24, 'XJSC', NULL),
(910, 24, 'XJS', NULL),
(911, 24, 'XJS', NULL),
(912, 24, 'XJ', NULL),
(913, 24, 'XKR', NULL),
(914, 24, 'XK', NULL),
(915, 25, 'Comanche', NULL),
(916, 25, 'Renegade', NULL),
(917, 25, 'Willys', NULL),
(918, 64, 'Besta', NULL),
(919, 64, 'Carens', NULL),
(920, 64, 'Carnival', NULL),
(921, 64, 'Ceed', NULL),
(922, 64, 'Cerato', NULL),
(923, 64, 'Clarus', NULL),
(924, 64, 'Elan', NULL),
(925, 64, 'Joice', NULL),
(926, 64, 'K2500', NULL),
(927, 64, 'K2700', NULL),
(928, 64, 'Leo', NULL),
(929, 64, 'Magentis', NULL),
(930, 64, 'Mentor', NULL),
(931, 64, 'Opirus', NULL),
(932, 64, 'Picanto', NULL),
(933, 64, 'Pregio', NULL),
(934, 64, 'Pride', NULL),
(935, 64, 'Retona', NULL),
(936, 64, 'Rio', NULL),
(937, 64, 'Roadster', NULL),
(938, 64, 'Rocsta', NULL),
(939, 64, 'Sephia', NULL),
(940, 64, 'Shuma', NULL),
(941, 64, 'Sorento', NULL),
(942, 64, 'Soul', NULL),
(943, 64, 'Sportage', NULL),
(944, 64, 'Venga', NULL),
(945, 65, '110', NULL),
(946, 65, '111', NULL),
(947, 65, '112', NULL),
(948, 65, '1200', NULL),
(949, 65, '2107', NULL),
(950, 65, '2110', NULL),
(951, 65, '2111', NULL),
(952, 65, '2112', NULL),
(953, 65, 'Aleko', NULL),
(954, 65, 'Forma', NULL),
(955, 65, 'Niva', NULL),
(956, 65, 'Nova', NULL),
(957, 65, 'Samara', NULL),
(958, 26, 'Countach', NULL),
(959, 26, 'Diablo', NULL),
(960, 26, 'Espada', NULL),
(961, 26, 'Jalpa', NULL),
(962, 26, 'LM', NULL),
(963, 26, 'Miura', NULL),
(964, 26, 'Urraco', NULL),
(965, 66, 'Beta', NULL),
(966, 66, 'Dedra', NULL),
(967, 66, 'Delta', NULL),
(968, 66, 'Flaminia', NULL),
(969, 66, 'Fulvia', NULL),
(970, 66, 'Gamma', NULL),
(971, 66, 'Kappa', NULL),
(972, 66, 'Lybra', NULL),
(973, 66, 'MUSA', NULL),
(974, 66, 'Phedra', NULL),
(975, 66, 'Prisma', NULL),
(976, 66, 'Stratos', NULL),
(977, 66, 'Thema', NULL),
(978, 66, 'Thesis', NULL),
(979, 66, 'Ypsilon', NULL),
(980, 66, 'Zeta', NULL),
(981, 27, 'Range Rover Evoque', NULL),
(982, 27, 'Range Rover Sport', NULL),
(983, 67, 'CT 200h', NULL),
(984, 67, 'ES 300', NULL),
(985, 67, 'ES 330', NULL),
(986, 67, 'ES 350', NULL),
(987, 67, 'GS Serries (All)', NULL),
(988, 67, 'GX 470', NULL),
(989, 67, 'IS Serries (All)', NULL),
(990, 67, 'LS Serries (All)', NULL),
(991, 67, 'LX 470', NULL),
(992, 67, 'LX 570', NULL),
(993, 67, 'RX Serries (All)', NULL),
(994, 67, 'SC 400', NULL),
(995, 67, 'SC 430', NULL),
(996, 68, '340 R', NULL),
(997, 68, 'Cortina', NULL),
(998, 68, 'Elan', NULL),
(999, 68, 'Elise', NULL),
(1000, 68, 'Elite', NULL),
(1001, 68, 'Esprit', NULL),
(1002, 68, 'Europa', NULL),
(1003, 68, 'Excel', NULL),
(1004, 68, 'Exige', NULL),
(1005, 68, 'Super Seven', NULL),
(1006, 68, 'V8', NULL),
(1007, 29, '222', NULL),
(1008, 29, '224', NULL),
(1009, 29, '228', NULL),
(1010, 29, '418', NULL),
(1011, 29, '420', NULL),
(1012, 29, '422', NULL),
(1013, 29, '424', NULL),
(1014, 29, '430', NULL),
(1015, 29, '3200', NULL),
(1016, 29, '4200', NULL),
(1017, 29, 'Biturbo', NULL),
(1018, 29, 'Ghibli', NULL),
(1019, 29, 'GranTurismo S', NULL),
(1020, 29, 'Gransport', NULL),
(1021, 29, 'Indy', NULL),
(1022, 29, 'Karif', NULL),
(1023, 29, 'MC12', NULL),
(1024, 29, 'Merak', NULL),
(1025, 29, 'Shamal', NULL),
(1026, 29, 'Spyder', NULL),
(1027, 30, '2', NULL),
(1028, 30, '121', NULL),
(1029, 30, '323', NULL),
(1030, 30, '626', NULL),
(1031, 30, '929', NULL),
(1032, 30, 'B series', NULL),
(1033, 30, 'Bongo', NULL),
(1034, 30, 'Demio', NULL),
(1035, 30, 'E series', NULL),
(1036, 30, 'MX-3', NULL),
(1037, 30, 'MX-6', NULL),
(1038, 30, 'Millenia', NULL),
(1039, 30, 'Premacy', NULL),
(1040, 30, 'Protege', NULL),
(1041, 30, 'RX-7', NULL),
(1042, 30, 'RX-8', NULL),
(1043, 30, 'Tribute', NULL),
(1044, 30, 'Xedos', NULL),
(1048, 31, '360', NULL),
(1058, 31, '370', NULL),
(1059, 31, '190', NULL),
(1060, 31, '200', NULL),
(1061, 31, '240', NULL),
(1062, 31, '250', NULL),
(1063, 31, '260', NULL),
(1064, 31, '270', NULL),
(1065, 31, '280', NULL),
(1066, 31, '290', NULL),
(1067, 31, '300', NULL),
(1068, 31, '320', NULL),
(1069, 31, '350', NULL),
(1070, 31, '380', NULL),
(1071, 31, '400', NULL),
(1072, 31, '416', NULL),
(1073, 31, '420', NULL),
(1074, 31, '560', NULL),
(1075, 31, '600', NULL),
(1078, 31, 'CE Class', NULL),
(1079, 31, 'CLA Class', NULL),
(1080, 31, 'Citan', NULL),
(1081, 31, 'E-Class', NULL),
(1083, 31, 'MB 100', NULL),
(1084, 31, 'Porter', NULL),
(1085, 31, 'SLR', NULL),
(1086, 31, 'V-Class', NULL),
(1087, 31, 'Vaneo', NULL),
(1088, 31, 'Vario', NULL),
(1089, 31, 'Viano', NULL),
(1090, 34, 'MGF', NULL),
(1091, 34, 'Midget', NULL),
(1092, 34, 'Montego', NULL),
(1093, 34, 'TD', NULL),
(1094, 34, 'ZS', NULL),
(1095, 35, '1000', NULL),
(1096, 35, '1300', NULL),
(1097, 35, 'Clubman', NULL),
(1098, 35, 'Cooper SD', NULL),
(1099, 35, 'Cooper S', NULL),
(1100, 35, 'Countryman', NULL),
(1101, 35, 'Moke', NULL),
(1102, 35, 'ONE', NULL),
(1103, 36, 'Asx', NULL),
(1104, 36, 'Canter', NULL),
(1105, 36, 'Carisma', NULL),
(1106, 36, 'Colt', NULL),
(1107, 36, 'Cordia', NULL),
(1108, 36, 'Cosmos', NULL),
(1109, 36, 'Diamante', NULL),
(1110, 36, 'Galloper', NULL),
(1111, 36, 'Grandis', NULL),
(1112, 36, 'L300', NULL),
(1113, 36, 'L400', NULL),
(1114, 36, 'Pajero Pinin', NULL),
(1115, 36, 'Santamo', NULL),
(1116, 36, 'Sapporo', NULL),
(1117, 36, 'Sigma', NULL),
(1118, 36, 'Space Gear', NULL),
(1119, 36, 'Space Runner', NULL),
(1120, 36, 'Space Star', NULL),
(1121, 36, 'Space Wagon', NULL),
(1122, 36, 'Starion', NULL),
(1123, 36, 'Tredia', NULL),
(1124, 37, '100 NX', NULL),
(1125, 37, '200 SX', NULL),
(1126, 37, '240 SX', NULL),
(1127, 37, '280 ZX', NULL),
(1128, 37, '300 ZX', NULL),
(1129, 37, '370Z', NULL),
(1130, 37, 'Almera Tino', NULL),
(1131, 37, 'Bluebird', NULL),
(1132, 37, 'Cargo', NULL),
(1133, 37, 'Cherry', NULL),
(1134, 37, 'GT-R', NULL),
(1135, 37, 'Interstar', NULL),
(1136, 37, 'Juke', NULL),
(1137, 37, 'King Cab', NULL),
(1138, 37, 'Kubistar', NULL),
(1139, 37, 'Laurel', NULL),
(1140, 37, 'Navara', NULL),
(1141, 37, 'Note', NULL),
(1142, 37, 'Patrol', NULL),
(1143, 37, 'Pixo', NULL),
(1144, 37, 'Prairie', NULL),
(1145, 37, 'Primastar', NULL),
(1146, 37, 'Primera', NULL),
(1147, 37, 'Qashqai', NULL),
(1148, 37, 'Serena', NULL),
(1149, 37, 'Silvia', NULL),
(1150, 37, 'Skyline', NULL),
(1151, 37, 'Sunny', NULL),
(1152, 37, 'Terrano', NULL),
(1153, 37, 'Trade', NULL),
(1154, 37, 'Urvan', NULL),
(1155, 37, 'Vanette', NULL),
(1156, 69, 'Agila', NULL),
(1157, 69, 'Antara', NULL),
(1158, 69, 'Ascona', NULL),
(1159, 69, 'Astra', NULL),
(1160, 69, 'Calibra', NULL),
(1161, 69, 'Campo', NULL),
(1162, 69, 'Cavalier', NULL),
(1164, 69, 'Commodore', NULL),
(1165, 69, 'Corsa', NULL),
(1166, 69, 'Diplomat', NULL),
(1167, 69, 'Frontera', NULL),
(1168, 69, 'GT', NULL),
(1169, 69, 'Insignia', NULL),
(1170, 69, 'Kadett', NULL),
(1171, 69, 'Manta', NULL),
(1172, 69, 'Meriva', NULL),
(1173, 69, 'Mokka', NULL),
(1175, 69, 'Monterey', NULL),
(1176, 69, 'Monza', NULL),
(1177, 69, 'Movano', NULL),
(1178, 69, 'Nova', NULL),
(1179, 69, 'Omega', NULL),
(1180, 69, 'Pick up Sportscap', NULL),
(1181, 69, 'Rekord', NULL),
(1182, 69, 'Senator', NULL),
(1183, 69, 'Signum', NULL),
(1184, 69, 'Sintra', NULL),
(1185, 69, 'Speedster', NULL),
(1186, 69, 'Tigra', NULL),
(1187, 69, 'Vectra', NULL),
(1188, 69, 'Vivaro', NULL),
(1189, 69, 'Zafira', NULL),
(1190, 39, '104', NULL),
(1191, 39, '106', NULL),
(1192, 39, '107', NULL),
(1193, 39, '204', NULL),
(1194, 39, '205', NULL),
(1195, 39, '208', NULL),
(1196, 39, '304', NULL),
(1197, 39, '305', NULL),
(1198, 39, '308', NULL),
(1199, 39, '309', NULL),
(1200, 39, '404', NULL),
(1201, 39, '406', NULL),
(1202, 39, '504', NULL),
(1203, 39, '505', NULL),
(1204, 39, '508', NULL),
(1205, 39, '604', NULL),
(1206, 39, '605', NULL),
(1207, 39, '806', NULL),
(1208, 39, '807', NULL),
(1209, 39, '1007', NULL),
(1210, 39, '3008', NULL),
(1211, 39, '4007', NULL),
(1212, 39, '5008', NULL),
(1213, 39, 'Bipper Tepee', NULL),
(1214, 39, 'Bipper', NULL),
(1215, 39, 'Boxer', NULL),
(1216, 39, 'Expert Tepee', NULL),
(1217, 39, 'Expert', NULL),
(1218, 39, 'J5', NULL),
(1219, 39, 'Partner Tepee', NULL),
(1221, 39, 'RCZ', NULL),
(1222, 39, 'iOn', NULL),
(1223, 40, 'Prowler', NULL),
(1224, 41, '6000', NULL),
(1225, 41, 'Sunbird', NULL),
(1226, 41, 'Targa', NULL),
(1227, 41, 'Vibe', NULL),
(1228, 42, '356', NULL),
(1229, 42, '912', NULL),
(1230, 42, '928', NULL),
(1231, 42, '944', NULL),
(1232, 42, '959', NULL),
(1233, 42, '962', NULL),
(1234, 42, '968', NULL),
(1235, 44, 'Alpine A110', NULL),
(1236, 44, 'Alpine A310', NULL),
(1237, 44, 'Alpine V6', NULL),
(1238, 44, 'Avantime', NULL),
(1239, 44, 'Coupe', NULL),
(1240, 44, 'Espace', NULL),
(1241, 44, 'Express', NULL),
(1242, 44, 'Fluence', NULL),
(1243, 44, 'Fuego', NULL),
(1244, 44, 'Grand Espace', NULL),
(1245, 44, 'Grand Scenic', NULL),
(1246, 44, 'Koleos', NULL),
(1247, 44, 'Mascott', NULL),
(1248, 44, 'Master', NULL),
(1249, 44, 'Modus', NULL),
(1250, 44, 'P 1400', NULL),
(1251, 44, 'R 4', NULL),
(1252, 44, 'R 5', NULL),
(1253, 44, 'R 9', NULL),
(1254, 44, 'R 6', NULL),
(1255, 44, 'R 11', NULL),
(1256, 44, 'R 14', NULL),
(1257, 44, 'R 18', NULL),
(1258, 44, 'R 19', NULL),
(1259, 44, 'R 20', NULL),
(1260, 44, 'R21', NULL),
(1261, 44, 'R 25', NULL),
(1262, 44, 'R 30', NULL),
(1263, 44, 'Rapid', NULL),
(1264, 44, 'Safrane', NULL),
(1265, 44, 'Spider', NULL),
(1266, 44, 'Thalia', NULL),
(1267, 44, 'Twingo', NULL),
(1268, 44, 'Vel Satis', NULL),
(1269, 44, 'Wind', NULL),
(1270, 71, 'Corniche', NULL),
(1271, 71, 'Flying Spur', NULL),
(1272, 71, 'Park Ward', NULL),
(1273, 71, 'Phantom', NULL),
(1274, 71, 'Silver Cloud', NULL),
(1275, 71, 'Silver Dawn', NULL),
(1276, 71, 'Silver Seraph', NULL),
(1277, 71, 'Silver Shadow', NULL),
(1278, 71, 'Silver Spirit', NULL),
(1279, 71, 'Silver Spur', NULL),
(1280, 72, '25', NULL),
(1281, 72, '45', NULL),
(1282, 72, '75', NULL),
(1283, 72, '100', NULL),
(1284, 72, '111', NULL),
(1285, 72, '114', NULL),
(1286, 72, '115', NULL),
(1287, 72, '200', NULL),
(1288, 72, '213', NULL),
(1289, 72, '214', NULL),
(1290, 72, '216', NULL),
(1291, 72, '218', NULL),
(1292, 72, '220', NULL),
(1293, 72, '400', NULL),
(1294, 72, '414', NULL),
(1295, 72, '416', NULL),
(1296, 72, '418', NULL),
(1297, 72, '420', NULL),
(1298, 72, '600', NULL),
(1299, 72, '618', NULL),
(1300, 72, '620', NULL),
(1301, 72, '623', NULL),
(1302, 72, '800', NULL),
(1303, 72, '825', NULL),
(1304, 72, '827', NULL),
(1305, 72, 'City Rover', NULL),
(1306, 72, 'Metro', NULL),
(1307, 72, 'Montego', NULL),
(1308, 72, 'SD', NULL),
(1309, 72, 'Streetwise', NULL),
(1310, 47, '9-7X', NULL),
(1311, 47, '90', NULL),
(1312, 47, '96', NULL),
(1313, 47, '99', NULL),
(1314, 47, '900', NULL),
(1315, 47, '9000', NULL),
(1316, 48, 'Arosa', NULL),
(1317, 48, 'Exeo', NULL),
(1318, 48, 'Ibiza', NULL),
(1319, 48, 'Inca', NULL),
(1320, 48, 'Malaga', NULL),
(1321, 48, 'Marbella', NULL),
(1322, 48, 'Terra', NULL),
(1323, 73, '105', NULL),
(1324, 73, '120', NULL),
(1325, 73, '130', NULL),
(1326, 73, '135', NULL),
(1327, 73, 'Citigo', NULL),
(1328, 73, 'Fabia', NULL),
(1329, 73, 'Favorit', NULL),
(1330, 73, 'Felicia', NULL),
(1331, 73, 'Forman', NULL),
(1332, 73, 'Octavia', NULL),
(1333, 73, 'Pick up', NULL),
(1334, 73, 'Rapid', NULL),
(1335, 73, 'Roomster', NULL),
(1336, 73, 'Scout', NULL),
(1337, 73, 'Superb', NULL),
(1338, 73, 'Yeti', NULL),
(1339, 49, 'Crossblade', NULL),
(1340, 49, 'ForFour', NULL),
(1341, 49, 'ForTwo', NULL),
(1342, 49, 'Roadster', NULL),
(1343, 74, 'Actyon', NULL),
(1344, 74, 'Family', NULL),
(1345, 74, 'Korando', NULL),
(1346, 74, 'Kyron', NULL),
(1347, 74, 'MUSSO', NULL),
(1348, 74, 'Rexton', NULL),
(1349, 74, 'Rodius', NULL),
(1350, 75, 'B9 Tribeca', NULL),
(1351, 75, 'Baja', NULL),
(1352, 75, 'Forester', NULL),
(1353, 75, 'Impreza', NULL),
(1354, 75, 'Justy', NULL),
(1355, 75, 'Legacy', NULL),
(1356, 75, 'Libero', NULL),
(1357, 75, 'Outback', NULL),
(1358, 75, 'SVX', NULL),
(1359, 75, 'Trezia', NULL),
(1360, 75, 'Tribeca', NULL),
(1361, 75, 'Vivio', NULL),
(1362, 75, 'XT', NULL),
(1363, 75, 'XV', NULL),
(1364, 50, 'Alto', NULL),
(1365, 50, 'Baleno', NULL),
(1366, 50, 'Cappuccino', NULL),
(1367, 50, 'Carry', NULL),
(1368, 50, 'Crossover', NULL),
(1369, 50, 'Ignis', NULL),
(1370, 50, 'Jimny', NULL),
(1371, 50, 'LJ', NULL),
(1372, 50, 'Liana', NULL),
(1373, 50, 'Splash', NULL),
(1374, 50, 'Super-Carry', NULL),
(1375, 50, 'Vitara', NULL),
(1376, 50, 'Wagon R+', NULL),
(1377, 50, 'X-90', NULL),
(1378, 76, 'Chimaera', NULL),
(1379, 76, 'Griffith', NULL),
(1380, 76, 'Tuscan', NULL),
(1381, 52, '181', NULL),
(1382, 52, 'Amarok', NULL),
(1383, 52, 'Caddy', NULL),
(1384, 52, 'Corrado', NULL),
(1385, 52, 'Fox', NULL),
(1386, 52, 'Iltis', NULL),
(1387, 52, 'Kaefer', NULL),
(1388, 52, 'Karmann Ghia', NULL),
(1389, 52, 'LT', NULL),
(1390, 52, 'Phaeton', NULL),
(1391, 52, 'Santana', NULL),
(1392, 52, 'Scirocco', NULL),
(1393, 52, 'T1', NULL),
(1394, 52, 'T2', NULL),
(1395, 52, 'T3', NULL),
(1396, 52, 'T4', NULL),
(1397, 52, 'T5', NULL),
(1398, 52, 'Taro', NULL),
(1399, 52, 'Tiguan', NULL),
(1400, 52, 'Touran', NULL),
(1401, 52, 'Vento', NULL),
(1402, 52, 'up!', NULL),
(1403, 53, '240', NULL),
(1404, 53, '244', NULL),
(1405, 53, '245', NULL),
(1406, 53, '262', NULL),
(1407, 53, '264', NULL),
(1408, 53, '340', NULL),
(1409, 53, '360', NULL),
(1410, 53, '440', NULL),
(1411, 53, '460', NULL),
(1412, 53, '480', NULL),
(1413, 53, '740', NULL),
(1414, 53, '744', NULL),
(1415, 53, '745', NULL),
(1416, 53, '760', NULL),
(1417, 53, '780', NULL),
(1418, 53, '850', NULL),
(1419, 53, '940', NULL),
(1420, 53, '944', NULL),
(1421, 53, '945', NULL),
(1422, 53, '960', NULL),
(1423, 53, '965', NULL),
(1424, 53, 'Amazon', NULL),
(1425, 53, 'C30', NULL),
(1426, 53, 'Polar', NULL),
(1427, 53, 'S70', NULL),
(1428, 53, 'S90', NULL),
(1429, 53, 'V40', NULL),
(1430, 53, 'V60', NULL),
(1431, 53, 'V90', NULL),
(1433, 53, 'XC 70', NULL),
(1434, 85, '311', NULL),
(1435, 85, '353', NULL),
(1436, 86, 'MF 3', NULL),
(1437, 86, 'MF 25', NULL),
(1438, 89, 'B3', NULL),
(1439, 89, 'B5', NULL),
(1440, 89, 'B6', NULL),
(1441, 89, 'B7', NULL),
(1442, 89, 'B8', NULL),
(1443, 89, 'B10', NULL),
(1444, 89, 'B12', NULL),
(1445, 89, 'D3', NULL),
(1446, 89, 'D 10', NULL),
(1447, 89, 'Roadster S', NULL),
(1448, 90, 'Atom', NULL),
(1449, 18, 'Envoy', NULL);

-- --------------------------------------------------------

--
-- Structure de la table `user`
--

CREATE TABLE `user` (
  `id` int(11) NOT NULL,
  `name` varchar(255) COLLATE utf8_unicode_ci NOT NULL,
  `firstname` varchar(255) COLLATE utf8_unicode_ci NOT NULL,
  `email` varchar(255) COLLATE utf8_unicode_ci DEFAULT NULL,
  `phone` varchar(10) COLLATE utf8_unicode_ci DEFAULT NULL,
  `username` varchar(255) COLLATE utf8_unicode_ci NOT NULL,
  `roles` longtext COLLATE utf8_unicode_ci NOT NULL COMMENT '(DC2Type:array)',
  `location` varchar(255) COLLATE utf8_unicode_ci DEFAULT NULL,
  `password` varchar(255) COLLATE utf8_unicode_ci NOT NULL
) ENGINE=InnoDB DEFAULT CHARSET=utf8 COLLATE=utf8_unicode_ci;

--
-- Contenu de la table `user`
--

INSERT INTO `user` (`id`, `name`, `firstname`, `email`, `phone`, `username`, `roles`, `location`, `password`) VALUES
(7, 'none', 'Alexandre', NULL, NULL, 'Alexandre', 'a:1:{i:0;s:9:"ROLE_USER";}', NULL, '$2y$13$V3mhcaHIzJkV6RR7xXxGmuHCSzhXH6Hjc75J42gqWcojyeBOfUuqm'),
(8, 'none', 'Marine', NULL, NULL, 'Marine', 'a:1:{i:0;s:9:"ROLE_USER";}', NULL, '$2y$13$WxFOUNLe.RqCv3wyjBsceOu7ukIlaM/pi3sJEOMWQjsS4rPTXaN4K'),
(9, 'none', 'Anna', NULL, NULL, 'Anna', 'a:1:{i:0;s:9:"ROLE_USER";}', NULL, '$2y$13$wOry.k/qefOQwJS/8iqYM..gd7zCLZcRzq/GqGhp0DMVK2Cs1Jvba'),
(10, 'none', 'none', NULL, NULL, 'root', 'a:1:{i:0;s:10:"ROLE_ADMIN";}', NULL, '$2y$13$.pCkCUc2verZvCL6eKxEz.PyopbVX/fvTZZa1j3ZJMUK6GAWx6.cm');

-- --------------------------------------------------------

--
-- Structure de la table `year`
--

CREATE TABLE `year` (
  `id` int(11) NOT NULL,
  `value` int(11) NOT NULL
) ENGINE=InnoDB DEFAULT CHARSET=latin1;

--
-- Contenu de la table `year`
--

INSERT INTO `year` (`id`, `value`) VALUES
(5, 2001),
(6, 2002),
(7, 2003),
(8, 2004),
(9, 2005);

--
-- Index pour les tables exportées
--

--
-- Index pour la table `advert`
--
ALTER TABLE `advert`
  ADD PRIMARY KEY (`id`),
  ADD KEY `IDX_54F1F40BA76ED395` (`user_id`),
  ADD KEY `IDX_54F1F40B7ADA1FB5` (`color_id`),
  ADD KEY `IDX_54F1F40B7975B7E7` (`model_id`);

--
-- Index pour la table `color`
--
ALTER TABLE `color`
  ADD PRIMARY KEY (`id`);

--
-- Index pour la table `make`
--
ALTER TABLE `make`
  ADD PRIMARY KEY (`id`);

--
-- Index pour la table `model`
--
ALTER TABLE `model`
  ADD PRIMARY KEY (`id`),
  ADD KEY `IDX_D79572D940C1FEA7` (`year_id`),
  ADD KEY `IDX_D79572D9CFBF73EB` (`make_id`);

--
-- Index pour la table `user`
--
ALTER TABLE `user`
  ADD PRIMARY KEY (`id`),
  ADD UNIQUE KEY `UNIQ_8D93D649F85E0677` (`username`);

--
-- Index pour la table `year`
--
ALTER TABLE `year`
  ADD PRIMARY KEY (`id`);

--
-- AUTO_INCREMENT pour les tables exportées
--

--
-- AUTO_INCREMENT pour la table `advert`
--
ALTER TABLE `advert`
  MODIFY `id` int(11) NOT NULL AUTO_INCREMENT, AUTO_INCREMENT=5;
--
-- AUTO_INCREMENT pour la table `color`
--
ALTER TABLE `color`
  MODIFY `id` int(11) NOT NULL AUTO_INCREMENT, AUTO_INCREMENT=12;
--
-- AUTO_INCREMENT pour la table `make`
--
ALTER TABLE `make`
  MODIFY `id` int(2) NOT NULL AUTO_INCREMENT, AUTO_INCREMENT=95;
--
-- AUTO_INCREMENT pour la table `model`
--
ALTER TABLE `model`
  MODIFY `id` int(11) NOT NULL AUTO_INCREMENT, AUTO_INCREMENT=1450;
--
-- AUTO_INCREMENT pour la table `user`
--
ALTER TABLE `user`
  MODIFY `id` int(11) NOT NULL AUTO_INCREMENT, AUTO_INCREMENT=11;
--
-- AUTO_INCREMENT pour la table `year`
--
ALTER TABLE `year`
  MODIFY `id` int(11) NOT NULL AUTO_INCREMENT, AUTO_INCREMENT=10;
--
-- Contraintes pour les tables exportées
--

--
-- Contraintes pour la table `advert`
--
ALTER TABLE `advert`
  ADD CONSTRAINT `FK_54F1F40B7975B7E7` FOREIGN KEY (`model_id`) REFERENCES `model` (`id`),
  ADD CONSTRAINT `FK_54F1F40B7ADA1FB5` FOREIGN KEY (`color_id`) REFERENCES `color` (`id`),
  ADD CONSTRAINT `FK_54F1F40BA76ED395` FOREIGN KEY (`user_id`) REFERENCES `user` (`id`);

--
-- Contraintes pour la table `model`
--
ALTER TABLE `model`
  ADD CONSTRAINT `FK_D79572D940C1FEA7` FOREIGN KEY (`year_id`) REFERENCES `year` (`id`),
  ADD CONSTRAINT `FK_D79572D9CFBF73EB` FOREIGN KEY (`make_id`) REFERENCES `make` (`id`);

/*!40101 SET CHARACTER_SET_CLIENT=@OLD_CHARACTER_SET_CLIENT */;
/*!40101 SET CHARACTER_SET_RESULTS=@OLD_CHARACTER_SET_RESULTS */;
/*!40101 SET COLLATION_CONNECTION=@OLD_COLLATION_CONNECTION */;
